AA,G,C,M,T,S,A,H,K,L,I,V,R,E,D,F,P,Y,W
C,560,800,3200,3500,3800,4100,4200,4400,4800,4900,5000,5100,5600,6100,6500,7100,7900,9100
M,600,900,3500,3800,4100,4400,4400,4600,5000,5000,5000,5100,5800,6200,6600,7300,8200,9400
T,670,1000,3700,4000,4200,4300,4500,4800,5200,5300,5100,5100,5900,6300,6800,7500,8400,9700
K,650,1000,4000,4100,4200,4300,6100,4000,5300,5400,5700,2300,5400,5900,7000,7700,8800,10000
R,660,1000,4100,4200,4300,4400,4900,4000,5400,5500,5800,2300,5400,5900,7100,8100,9200,11000
V,640,1300,4200,4300,4400,4500,5000,5200,5500,5600,5900,6100,6500,7000,7200,8500,9700,12000
P,630,1600,4500,4600,4600,4700,5200,5500,5800,6000,6200,6400,6800,7200,7300,8900,10000,13000
A,610,1900,4400,5100,5200,5300,5500,5700,6100,6200,6400,7200,7300,7400,7500,9300,10000,14000
G,650,1900,4500,5200,5700,5900,5900,6000,6200,6300,6500,7200,7300,7600,7600,10000,12000,15000
L,670,2000,4800,5300,5800,6000,6100,6100,6300,6500,6800,7200,7400,7800,8000,10000,12000,16000
I,620,2000,5100,5300,5800,6200,6100,6100,6300,6500,7100,7200,7700,8100,8100,10000,12000,16000
F,660,2000,5100,5300,5900,6300,6200,6200,6400,6400,7100,7200,8100,8200,8200,10000,12000,16000
S,700,2100,5100,5400,6000,6400,6500,6300,6100,5900,6800,7200,8100,8200,8300,10000,13000,17000
E,750,2100,5200,5400,6100,7100,2500,4600,4300,4200,6400,5200,8200,8300,8400,10000,13000,17000
D,800,2100,5200,5400,6200,7100,2500,4600,6200,6400,6600,5200,8200,8400,8500,11000,13000,17000
H,850,2200,5200,5500,6300,7200,7200,4000,6600,6700,6800,4500,5800,5600,8600,11000,14000,18000
Y,850,2200,5300,5600,6400,7300,7400,7500,7800,7900,8000,8100,8300,8600,8700,11000,14000,18000
W,850,2300,5300,5600,6500,7400,7500,7600,7900,8000,8200,8300,8500,8800,8600,11000,14000,19000
